Subject,Study_Hours,Attendance,Previous_Marks,Assignment_Score,Final_Marks
Mathematics,5.5,59.1,41.8,85.7,52.1
Statistics,8.4,79.2,76.8,42.1,69.4
DSA,3.9,71.1,73.2,84.7,68.6
Statistics,9.1,94.6,63.7,52.1,83.8
Statistics,4.5,90.9,82.2,97.5,71.3
DBMS,1.1,67.1,80.3,62.1,50.2
DSA,9.1,63.0,69.3,59.6,72.2
DSA,1.8,69.0,83.4,48.9,54.4
DSA,3.9,79.5,50.3,58.3,52.6
Statistics,9.6,63.4,45.6,92.6,76.3
Mathematics,9.6,81.2,53.5,99.8,80.5
DSA,6.2,70.5,42.9,62.1,59.3
Statistics,6.7,77.6,66.6,66.9,71.7
DBMS,5.0,71.8,86.8,83.3,71.3
Mathematics,3.6,64.7,42.0,93.2,54.4
DBMS,4.0,97.4,46.1,75.6,62.6
Mathematics,7.1,88.2,62.6,63.5,71.3
Statistics,7.8,57.0,86.7,64.8,70.8
Python,8.1,93.4,55.8,81.7,76.9
Mathematics,8.1,74.4,65.4,40.2,73.7
DBMS,1.8,94.7,42.1,77.2,57.3
Statistics,5.4,90.0,47.4,61.3,61.6
Mathematics,1.5,71.3,89.3,87.7,65.0
Python,5.9,51.1,88.3,45.6,60.3
Python,5.0,63.4,40.2,75.3,60.7
DSA,9.0,77.1,87.6,68.9,83.4
DSA,4.2,81.7,72.0,78.5,66.3
DBMS,2.1,62.9,83.4,43.9,53.4
Mathematics,2.3,57.0,62.7,74.8,45.5
Mathematics,7.9,91.7,65.8,73.7,73.3
DSA,6.6,99.2,64.4,73.6,70.6
Mathematics,1.9,76.3,73.3,76.2,58.9
Mathematics,1.8,58.6,47.0,80.6,54.9
Python,7.3,63.6,41.5,88.3,74.8
DSA,1.7,50.9,55.4,56.2,45.5
Statistics,8.4,95.7,75.2,89.5,87.8
DSA,7.4,55.9,50.1,69.9,55.5
Statistics,1.7,78.8,73.7,44.6,50.0
Python,1.8,63.7,88.5,43.5,49.0
DBMS,9.9,77.7,44.7,60.1,69.8
Mathematics,4.4,82.6,73.6,87.1,69.0
Python,4.3,91.5,62.2,82.5,65.9
Mathematics,8.3,60.3,83.4,87.3,70.4
DBMS,9.5,50.5,48.9,71.0,70.5
DBMS,9.9,56.8,74.6,66.4,71.5
Python,7.8,95.0,81.9,48.8,78.3
DBMS,4.4,93.7,87.2,59.7,78.7
Statistics,1.8,79.9,74.2,66.0,53.4
DBMS,8.0,80.0,64.9,45.3,59.2
Mathematics,6.0,83.3,70.9,53.2,66.0
Mathematics,4.8,58.8,83.4,75.9,69.5
Mathematics,9.2,95.7,68.5,84.1,93.3
Mathematics,2.0,70.9,41.5,99.9,49.2
Statistics,5.4,69.2,86.5,96.0,76.3
DSA,1.1,75.9,74.5,78.6,54.8
Python,5.2,52.3,73.8,65.3,59.8
Mathematics,1.5,58.3,50.8,78.2,58.0
DBMS,2.1,86.9,72.9,87.1,57.7
Mathematics,2.1,54.1,59.7,47.1,45.2
DBMS,6.8,80.2,72.6,64.6,73.4
DBMS,7.7,62.3,45.3,90.4,72.4
Mathematics,6.3,69.5,72.9,63.0,67.5
Statistics,9.7,64.4,90.0,74.3,83.8
DBMS,4.4,67.8,42.4,75.3,54.2
DBMS,3.6,86.0,88.9,51.1,65.8
Mathematics,8.8,64.9,60.3,61.7,68.7
DBMS,3.0,78.3,83.5,60.1,64.0
DBMS,9.7,73.8,79.1,41.6,74.2
Mathematics,1.1,83.2,68.4,41.5,51.0
Mathematics,9.7,96.8,76.9,89.9,90.4
Python,1.4,86.6,83.9,56.4,62.6
Statistics,9.0,60.7,60.2,71.1,71.2
Statistics,5.7,51.6,56.4,57.9,48.6
DBMS,9.9,63.1,73.4,96.4,88.2
Statistics,1.7,79.8,80.4,55.6,52.6
DBMS,6.0,52.6,78.1,65.8,61.2
Python,9.7,74.8,79.9,92.4,83.9
Mathematics,5.7,79.8,61.8,90.5,76.1
Mathematics,6.7,66.7,80.9,51.2,58.7
Mathematics,7.3,88.5,46.0,88.2,85.7
Statistics,5.1,55.3,67.2,67.5,63.6
Python,6.6,53.8,40.3,69.0,58.0
Statistics,6.3,86.4,56.2,48.0,63.9
Statistics,9.1,74.8,58.3,44.8,70.7
Python,1.4,84.4,59.8,83.7,59.1
Python,3.5,71.7,74.8,69.8,63.7
Python,9.6,62.3,59.4,66.2,74.7
Python,9.0,91.0,62.4,83.8,82.5
Mathematics,5.1,90.0,51.9,85.9,67.2
DSA,6.6,84.7,58.7,49.5,64.9
DSA,3.5,63.6,51.4,76.6,53.8
Python,2.7,79.5,43.7,48.1,53.1
DSA,5.2,68.0,70.2,85.1,69.5
DSA,4.2,54.6,73.4,79.4,48.7
Python,6.3,95.9,71.0,97.4,82.7
DSA,1.7,56.8,63.2,44.1,44.7
Statistics,9.8,97.5,59.0,43.4,77.1
DBMS,9.9,72.3,83.2,56.9,78.4
DBMS,7.3,59.3,66.0,55.7,68.9
Python,5.8,77.1,64.0,54.8,67.4
Mathematics,3.8,93.6,41.3,94.4,60.9
Python,8.3,86.6,57.1,55.0,73.5
Mathematics,7.2,90.3,59.0,56.3,66.3
DBMS,2.5,82.9,59.9,85.6,54.8
Python,9.2,84.6,69.0,67.0,76.9
Statistics,8.4,92.5,66.7,86.6,85.8
DSA,9.5,62.5,70.4,43.9,74.3
Mathematics,7.5,74.5,78.2,69.3,76.6
DSA,6.5,61.1,80.6,42.0,66.2
DSA,4.8,99.4,75.9,43.8,69.0
Python,9.4,97.2,87.8,94.4,90.8
DSA,8.8,52.0,40.9,48.4,61.0
Statistics,1.4,85.3,49.8,71.9,55.6
DSA,1.2,96.3,40.4,64.7,53.7
Python,4.4,59.0,72.4,60.8,63.0
Statistics,8.3,78.4,84.9,94.0,87.4
DBMS,9.9,95.8,52.2,41.3,76.4
DSA,2.4,51.7,86.4,79.8,62.0
Python,6.3,84.9,43.0,97.8,70.3
DBMS,4.4,64.9,86.7,73.6,62.3
DBMS,9.7,96.2,57.6,96.2,86.1
Mathematics,8.6,98.6,45.1,43.1,67.4
Statistics,8.5,97.2,64.3,65.1,76.2
DSA,5.2,73.7,52.8,55.6,57.8
Python,4.7,93.1,54.2,83.8,64.5
Mathematics,3.5,92.2,55.4,98.9,65.9
Statistics,1.5,66.0,80.2,55.4,44.6
Mathematics,8.8,91.4,67.0,79.3,82.7
Statistics,8.3,51.9,55.6,51.9,62.2
Statistics,10.0,79.8,70.5,73.9,79.1
DSA,10.0,61.5,75.8,67.8,80.5
Statistics,6.0,56.0,53.6,98.3,68.8
Mathematics,7.9,53.8,60.7,76.5,61.2
Statistics,9.5,84.8,46.1,61.0,70.4
DSA,8.6,67.0,49.1,46.8,61.1
DSA,3.2,86.2,74.1,49.1,55.7
Mathematics,5.1,53.3,49.1,53.5,54.9
DBMS,2.2,65.8,66.3,55.1,49.9
DBMS,9.6,77.0,75.5,91.0,84.1
Statistics,6.5,89.5,45.3,73.7,59.9
Python,3.1,65.9,68.4,71.4,59.7
Statistics,7.0,81.3,52.8,46.9,58.9
Mathematics,6.6,94.3,88.1,91.6,84.0
Mathematics,4.2,80.8,64.2,83.4,66.6
Mathematics,2.0,61.6,80.3,44.1,55.7
Mathematics,7.0,51.2,67.5,82.5,61.9
Mathematics,5.7,93.5,42.2,72.6,53.5
DSA,8.0,51.1,71.7,44.9,64.4
DBMS,5.7,93.7,87.6,67.5,83.1
Mathematics,8.7,76.4,70.1,69.1,81.5
Python,6.0,97.0,81.0,49.9,73.3
Python,6.0,89.9,84.2,96.7,78.9
Python,8.9,99.9,51.4,91.0,86.0
Python,4.6,67.5,50.6,80.1,55.5
DSA,2.2,88.4,70.5,67.7,61.8
Python,1.3,70.1,60.6,64.7,51.5
Mathematics,7.8,74.0,82.0,79.1,82.5
Statistics,6.6,81.4,85.0,72.7,87.0
Python,7.3,93.7,57.7,43.7,70.1
DSA,2.9,99.2,51.8,70.8,58.6
DSA,2.2,88.4,79.0,88.4,66.0
Python,1.1,70.9,53.7,67.6,40.9
Statistics,4.2,71.1,81.1,43.1,56.5
Python,6.3,86.9,61.2,87.2,71.7
DSA,4.5,61.9,73.4,52.1,55.6
DBMS,4.9,55.5,44.8,55.5,51.5
Mathematics,9.1,67.7,71.2,49.9,68.7
DSA,4.1,64.4,62.6,59.8,60.5
Python,5.6,64.8,69.3,85.4,67.4
Mathematics,8.1,61.7,48.4,71.2,66.0
Python,4.6,52.1,76.8,52.3,55.2
Python,6.6,50.9,83.1,92.7,72.5
DBMS,8.8,99.4,50.8,92.8,85.8
Mathematics,9.5,71.4,44.8,92.2,72.5
Mathematics,2.3,69.2,41.2,54.3,42.7
DBMS,9.3,84.0,72.1,67.1,79.1
DSA,5.4,60.9,70.4,99.1,63.5
Python,3.3,97.5,67.3,86.3,65.1
Statistics,5.1,89.3,51.6,41.6,56.9
Python,9.8,54.5,59.5,43.9,70.2
Python,5.4,70.9,69.7,67.8,66.0
DSA,4.0,94.0,64.8,94.6,71.4
Python,6.7,97.2,89.4,72.3,84.6
DBMS,3.2,73.4,46.8,69.9,53.1
DBMS,1.7,80.7,74.8,46.3,54.8
Mathematics,2.2,58.4,60.2,79.4,51.7
Statistics,2.2,99.6,61.4,89.3,65.8
Python,2.4,61.6,75.9,62.8,51.8
Python,2.2,97.1,74.6,86.5,57.1
DSA,6.8,82.5,89.6,97.9,82.5
DBMS,2.6,80.4,46.4,52.2,55.6
Statistics,4.1,75.6,45.2,71.4,60.5
Mathematics,9.1,61.5,76.2,57.2,77.0
DBMS,5.3,58.8,68.9,87.6,70.3
Mathematics,7.0,61.0,53.7,74.7,65.0
DSA,2.6,59.3,44.0,78.1,50.0
DSA,2.7,89.0,44.3,87.9,56.5
Python,1.4,67.5,84.7,63.8,53.7
Statistics,2.5,52.9,49.6,94.9,54.6
Mathematics,3.5,98.5,56.2,72.0,68.4
DBMS,2.6,94.2,51.3,49.5,53.5
DSA,1.8,96.4,57.7,81.8,58.5
Python,2.1,99.7,43.5,87.6,59.6
Python,5.1,58.7,66.0,59.0,60.7
Mathematics,2.9,69.8,43.4,91.4,49.5
DSA,4.3,87.9,80.0,94.4,64.6
Statistics,5.5,84.8,51.7,56.6,59.7
DSA,7.2,57.7,67.0,99.0,67.7
Mathematics,1.4,90.8,84.0,48.4,55.5
Mathematics,8.2,61.2,72.5,52.1,67.9
DSA,6.7,61.2,66.6,51.1,60.5
Mathematics,1.7,76.8,56.2,93.6,62.9
DSA,8.9,79.6,56.7,79.3,77.9
DBMS,9.3,79.0,73.5,49.1,77.0
DSA,1.5,54.6,89.7,66.4,56.3
DSA,3.5,93.9,73.1,76.9,63.1
Mathematics,8.3,63.3,67.9,45.0,70.9
Mathematics,7.7,56.5,76.5,92.9,74.6
Python,2.7,94.4,63.3,88.2,67.8
Python,2.9,97.8,43.0,70.3,53.7
DBMS,4.3,93.1,68.1,98.0,66.6
Python,5.4,90.5,87.9,65.1,77.1
DSA,6.6,82.8,48.8,99.0,74.0
Mathematics,4.3,77.5,74.5,80.1,63.3
Python,5.2,54.3,50.0,78.1,53.8
Python,7.7,70.4,66.8,50.0,71.9
DBMS,1.3,68.6,44.8,92.9,46.1
DBMS,3.3,63.0,62.5,65.6,61.0
DSA,7.4,86.2,77.8,49.7,69.5
Mathematics,9.1,74.8,57.4,40.8,71.1
DBMS,5.6,54.1,73.2,73.6,62.0
Python,5.8,61.0,79.8,71.6,69.3
Mathematics,2.0,84.2,86.4,83.2,63.1
Mathematics,5.0,53.8,51.7,93.4,59.4
Python,5.8,92.6,60.0,44.8,64.7
DBMS,3.2,74.8,47.6,83.9,53.0
Python,3.4,74.0,89.6,51.2,64.3
Mathematics,4.4,79.6,86.4,91.5,70.9
Statistics,1.2,91.2,67.0,89.1,60.1
Statistics,3.9,67.4,82.1,72.4,59.6
DSA,2.9,83.9,66.0,82.6,52.4
Python,3.9,78.3,71.2,58.9,60.1
Python,2.1,63.4,44.5,68.3,56.6
DSA,9.0,93.9,77.8,89.3,90.9
DSA,6.3,89.9,46.4,67.6,66.4
DSA,7.1,82.9,81.3,61.5,73.6
Mathematics,8.1,92.5,79.1,69.7,81.2
Python,5.5,93.4,75.4,89.7,78.8
Mathematics,1.8,85.4,41.8,60.1,44.5
DSA,5.8,91.9,55.2,50.4,68.7
Python,6.3,84.9,53.2,82.7,72.8
Mathematics,7.7,84.0,58.0,89.6,79.4
Mathematics,4.9,80.9,44.4,46.0,57.0
DSA,2.1,87.6,86.8,54.4,60.9
Python,3.6,57.9,67.7,48.5,54.6
DSA,4.3,94.0,55.3,60.9,64.8
Python,6.8,93.6,59.8,67.0,70.7
Statistics,6.1,51.5,62.4,84.9,61.5
DBMS,4.2,91.3,70.0,79.1,69.2
DBMS,9.9,56.4,65.8,77.3,81.9
DBMS,6.5,66.8,86.0,61.1,65.0
DSA,3.1,87.2,64.8,90.5,59.5
Statistics,1.9,58.0,89.6,68.3,56.9
Python,2.4,90.9,82.6,98.7,70.5
Mathematics,3.2,91.6,50.4,78.0,61.4
Python,2.4,75.4,86.5,47.6,58.2
Mathematics,2.7,50.3,45.8,80.6,47.4
Python,3.6,64.4,80.9,59.5,65.0
Statistics,2.6,80.8,59.0,81.2,52.6
Mathematics,9.1,99.1,83.9,44.2,78.6
DSA,1.7,81.6,83.4,50.5,56.0
Python,5.7,63.0,80.3,91.3,64.6
Python,4.7,81.7,79.5,53.6,64.4
Mathematics,9.8,77.0,55.2,90.2,87.1
DSA,2.0,89.0,44.0,56.8,50.7
DSA,4.6,55.3,60.1,78.6,59.3
Statistics,9.7,88.1,48.7,81.6,74.6
DSA,8.8,77.1,74.7,70.8,76.0
DSA,8.4,98.1,57.3,58.3,74.2
DSA,3.3,67.1,88.8,52.8,58.2
DBMS,2.5,81.6,72.0,42.0,59.4
Statistics,7.0,96.6,81.1,58.2,79.3
Python,9.4,55.1,46.6,79.2,65.0
Mathematics,6.0,96.9,83.1,96.3,83.2
Python,6.1,84.4,86.1,92.3,81.4
Statistics,3.5,53.4,64.4,86.0,61.7
Mathematics,7.9,65.0,70.3,87.3,81.3
Statistics,2.7,85.4,78.2,79.9,60.9
DSA,3.9,53.4,48.7,55.6,45.1
Mathematics,4.8,79.1,65.1,94.4,64.3
DSA,5.6,67.3,59.9,80.2,63.7
Python,3.2,81.0,47.3,73.6,58.3
Python,2.0,52.3,58.4,46.7,47.0
Mathematics,6.5,93.6,43.4,66.8,66.8
Mathematics,3.6,98.7,41.3,67.6,58.0
Statistics,6.2,98.4,46.8,91.9,73.9
Statistics,2.4,87.5,88.2,72.8,62.3
DSA,5.3,56.5,67.5,62.8,67.8
Mathematics,5.8,87.9,88.3,98.6,74.7
Python,1.5,51.2,61.6,46.6,42.8
Statistics,4.0,51.1,55.6,65.4,59.8
Statistics,2.2,66.2,65.3,42.5,48.0
Python,1.6,74.4,62.0,84.4,55.0
Statistics,9.9,88.5,45.3,95.1,80.7
DSA,3.9,84.2,72.0,56.8,61.4
Mathematics,8.3,72.3,50.8,91.5,79.5
Python,3.3,63.7,71.0,57.5,46.2
Mathematics,7.1,99.9,72.5,94.6,89.5
Statistics,7.8,71.3,47.6,85.2,64.5
Statistics,6.4,72.6,43.1,88.3,64.7
Python,5.2,58.2,79.0,41.1,56.4
DSA,4.7,89.7,63.0,97.8,74.2
DBMS,4.1,84.7,42.9,83.6,54.5
Python,9.4,61.0,89.7,58.3,79.4
DBMS,8.5,54.1,42.9,89.8,75.8
DBMS,9.7,84.0,74.8,56.9,74.7
DSA,2.1,82.7,89.2,92.4,68.5
DBMS,7.6,63.7,52.0,46.8,58.4
DBMS,9.4,97.5,47.1,82.2,82.5
DSA,2.6,57.6,46.1,72.4,48.3
DBMS,1.6,71.6,55.2,45.8,43.1
DBMS,7.7,97.2,45.1,54.5,71.5
DBMS,6.2,71.0,74.6,40.7,70.4
Python,8.6,81.9,43.1,68.1,69.9
Python,2.3,69.9,65.5,58.1,55.2
Python,8.2,63.7,89.8,75.9,73.0
DSA,2.8,99.2,80.7,57.8,61.1
Statistics,2.5,70.5,70.8,58.0,56.3
DBMS,2.5,94.7,55.3,84.6,67.9
DBMS,8.3,61.5,71.2,42.9,68.1
DSA,7.0,60.7,66.4,94.2,70.4
DBMS,5.7,51.6,61.3,91.1,63.5
Python,4.2,82.6,46.5,80.1,55.9
Statistics,8.9,68.4,84.3,75.6,82.4
Mathematics,4.5,93.2,62.5,93.5,74.7
DBMS,8.3,73.7,49.7,51.1,64.2
Python,5.0,98.4,58.4,44.7,61.3
Mathematics,4.4,59.3,60.7,54.4,55.1
Statistics,5.2,93.4,81.4,87.7,75.1
Mathematics,3.7,88.8,76.7,42.1,60.6
Python,7.7,88.5,78.5,75.0,88.2
Mathematics,5.5,92.2,40.6,99.7,68.7
DSA,3.1,88.1,60.8,91.3,63.4
Mathematics,9.1,81.3,64.1,71.3,75.3
DBMS,4.5,56.6,41.0,43.8,49.6
DBMS,5.9,51.6,53.0,89.9,61.1
DSA,9.2,96.0,78.0,75.9,83.7
Python,6.6,80.8,46.9,46.9,66.4
DBMS,2.1,89.8,66.8,45.6,60.2
Statistics,9.5,74.1,50.8,94.6,76.2
DBMS,6.6,55.9,40.6,80.2,52.5
DBMS,4.0,56.3,52.1,89.8,61.1
Python,2.3,84.3,88.8,92.7,66.0
Mathematics,8.1,71.5,80.1,74.3,80.2
DBMS,6.6,60.0,88.0,71.0,63.1
DSA,5.8,74.6,64.4,65.8,68.9
Mathematics,9.0,53.2,45.5,59.0,58.6
Statistics,8.1,79.1,67.4,66.1,77.1
Python,2.4,63.4,62.7,86.4,56.1
Statistics,3.8,89.9,82.2,76.1,65.8
Mathematics,3.2,65.5,44.9,93.6,54.3
Mathematics,7.7,72.8,64.4,66.6,73.5
Mathematics,1.3,50.6,47.5,76.4,44.1
Statistics,6.1,53.6,56.2,77.9,63.7
Mathematics,7.9,69.6,76.9,75.5,83.3
Statistics,8.9,74.0,63.8,82.2,71.3
Mathematics,4.1,80.0,58.8,54.2,64.3
DSA,8.4,64.6,59.7,70.7,70.8
Mathematics,2.0,84.7,63.0,46.3,48.6
Statistics,8.6,93.0,79.3,63.1,76.2
DBMS,2.1,89.0,84.6,69.3,62.8
Mathematics,4.6,52.0,87.8,79.1,68.3
DBMS,8.2,74.0,79.3,97.0,81.8
DSA,2.3,55.2,55.8,76.0,55.9
Python,3.1,62.1,74.4,84.6,54.5
DSA,7.5,99.3,61.9,70.4,76.8
Mathematics,7.5,57.1,52.7,78.0,60.5
DBMS,6.8,74.9,82.0,44.3,69.9
DBMS,7.2,80.9,41.9,55.3,66.9
Statistics,5.9,85.1,85.1,61.7,70.9
DBMS,3.3,78.0,63.1,68.3,48.4
Statistics,4.1,50.5,71.9,42.7,52.2
Python,2.6,66.3,73.0,48.4,54.1
Mathematics,9.2,75.9,84.8,56.6,80.7
Statistics,6.3,54.4,71.8,98.3,75.1
Python,4.6,67.5,70.7,59.9,56.0
DBMS,5.2,51.7,43.3,68.9,55.9
DBMS,9.5,53.9,65.9,51.8,73.6
Python,2.4,69.8,47.5,76.6,44.7
DBMS,6.3,56.6,76.9,56.8,64.9
Python,5.6,78.4,65.6,52.4,61.3
Statistics,6.5,84.5,74.0,71.0,73.0
Statistics,1.2,90.0,42.1,40.3,46.1
Python,8.8,60.0,44.2,40.5,58.6
Statistics,9.4,58.4,75.8,53.1,69.7
Statistics,6.1,55.2,43.6,42.2,51.6
Statistics,7.3,81.8,43.6,46.5,58.2
DSA,9.3,85.3,40.6,60.3,67.1
Mathematics,7.4,51.6,87.8,88.2,77.4
DBMS,2.4,96.8,76.9,74.3,60.9
DSA,6.2,52.6,57.7,70.8,63.0
Statistics,6.5,77.1,54.8,57.6,65.8
Python,4.8,85.5,57.5,95.9,62.4
Statistics,7.6,93.5,78.7,63.8,75.9
Mathematics,9.4,85.7,73.1,45.2,81.7
Statistics,9.3,90.1,49.3,77.0,74.2
Python,5.1,67.0,48.7,46.8,51.7
Mathematics,2.0,90.7,44.9,60.7,53.9
Statistics,9.9,54.0,73.0,70.4,78.7
Mathematics,8.6,94.7,78.2,92.5,86.5
DBMS,2.1,77.4,53.3,69.6,50.5
DBMS,9.3,90.9,41.0,82.1,83.0
Statistics,8.8,72.6,44.1,99.6,82.5
Mathematics,5.7,82.2,88.4,47.9,73.2
Python,6.3,76.3,54.8,56.5,63.3
Statistics,4.6,86.6,78.5,63.7,64.6
DBMS,1.5,54.1,71.2,65.3,45.6
DBMS,4.0,53.0,59.1,64.7,55.1
Statistics,8.2,62.4,50.3,94.5,73.3
Mathematics,1.0,58.0,46.1,82.8,51.2
DBMS,4.0,93.6,70.8,76.5,71.0
Mathematics,4.6,61.0,78.7,58.6,54.4
DBMS,5.8,98.8,72.2,89.4,82.2
DBMS,9.3,66.8,66.5,97.3,76.7
DSA,4.1,59.1,42.1,89.3,53.9
DBMS,4.1,89.5,88.4,40.1,65.8
Python,7.6,82.9,79.9,78.2,87.1
Statistics,5.1,74.9,54.6,43.1,68.7
Statistics,3.0,77.8,89.0,55.5,64.2
Mathematics,5.1,86.0,70.1,43.6,62.3
DBMS,2.3,61.4,69.1,76.2,56.9
Python,2.6,99.8,77.4,81.2,71.9
Mathematics,5.5,98.7,80.6,46.9,69.4
DSA,4.8,82.5,72.8,63.0,73.0
Mathematics,9.2,60.0,46.4,67.4,68.6
Mathematics,4.3,84.0,56.9,62.1,62.5
DBMS,6.2,53.6,86.4,47.3,65.7
DSA,6.7,51.5,51.2,65.1,60.5
Mathematics,1.1,62.9,58.6,85.1,54.1
Python,7.0,73.1,61.6,44.3,61.1
Python,2.6,93.4,62.0,44.8,53.4
Statistics,9.6,86.4,70.6,61.3,75.9
DSA,2.3,87.1,87.2,96.5,71.5
DSA,4.7,71.3,52.0,80.1,64.1
Statistics,1.8,67.3,46.1,80.7,51.7
Mathematics,10.0,68.6,49.9,61.7,78.7
DSA,5.5,99.4,84.3,75.6,77.5
Python,6.4,52.0,72.3,40.6,61.1
Python,1.6,93.4,54.3,78.2,53.0
DBMS,7.7,78.9,80.8,94.8,80.4
DSA,2.9,71.9,83.1,76.8,65.6
Mathematics,9.1,86.3,82.3,92.4,91.3
Statistics,2.8,74.3,85.9,83.4,64.0
Statistics,2.7,93.7,52.6,47.2,53.8
Mathematics,1.3,95.0,77.8,94.1,59.8
DBMS,5.2,71.1,63.0,44.0,56.5
Statistics,6.1,63.8,82.1,72.0,72.7
DSA,1.6,79.6,76.4,48.5,55.8
DBMS,8.0,95.6,78.8,40.7,77.7
DSA,5.1,60.5,72.8,65.3,61.9
Python,5.7,81.1,48.9,57.7,61.2
DBMS,5.0,81.6,67.3,69.2,63.4
Statistics,4.6,86.7,89.2,74.6,75.5
DBMS,6.0,56.6,86.9,42.6,64.1
DBMS,2.4,85.8,42.2,47.4,50.6
DBMS,2.6,95.5,48.2,73.5,56.3
DBMS,8.8,59.0,46.6,60.6,56.3
DSA,9.5,61.9,76.3,83.8,84.2
Python,4.4,98.6,80.9,79.1,72.0
Mathematics,3.4,59.0,50.7,90.7,52.3
DBMS,6.8,92.7,65.3,81.5,79.0
Statistics,4.7,74.6,82.0,65.8,64.8
DBMS,1.2,62.4,76.6,80.4,58.7
Statistics,2.4,93.5,67.1,56.5,61.1
DSA,7.4,72.3,69.5,58.4,72.1
Statistics,6.9,75.7,65.4,87.3,68.0
Mathematics,1.2,68.0,54.9,66.8,52.5
Python,3.0,79.6,68.3,87.9,64.6
Statistics,3.1,58.2,74.4,89.3,58.8
Statistics,7.0,69.6,83.7,91.5,78.2
Python,1.2,98.5,71.8,95.0,58.1
Mathematics,1.9,62.9,78.1,65.9,55.8
DBMS,8.2,82.8,48.0,59.1,65.0
Statistics,2.6,66.3,63.1,74.9,49.7
Python,6.9,88.7,40.5,62.3,59.4
DSA,3.1,56.5,52.3,76.1,56.2
Python,1.9,98.5,76.3,82.3,63.3
DSA,3.2,72.7,89.6,81.3,72.6
Mathematics,7.5,61.8,45.0,62.5,59.6
DBMS,8.7,53.7,60.1,50.0,57.7
Python,8.5,58.5,80.0,65.8,68.8
Statistics,4.6,76.0,50.2,48.6,60.0
Mathematics,7.0,66.9,67.8,93.4,72.7
Python,2.8,91.4,76.7,60.8,60.4
Statistics,3.6,71.5,70.8,49.3,56.9
Python,9.1,62.4,49.4,41.5,65.6
DSA,1.1,80.9,57.8,78.7,58.2
Python,1.8,85.3,79.2,78.2,68.0
Python,2.9,58.4,67.7,60.4,50.9
Python,1.2,58.4,40.3,44.3,31.8
